Formula,MW
C12H12N2O3S,264.056863244
C14H14N2O3S,290.072513308
C12H10N2O3S,262.04121318
C12H10N2O4S,278.0361278
C14H12N2O4S,304.051777864
C14H14N2O4S,306.067427928
C12H12N2O4S,280.051777864
C18H20N2O8S,424.0940366
C18H20N2O9S,440.08895122
C12H12N2O6S2,344.013678104
C12H12N2O5S2,328.018763484
C14H12N2O5S,320.046692484
C12H8N2O6S,308.010306976
C13H14N2O3S,278.072513308
C18H18N2O10S,454.068215776
C12H10N2O5S,294.03104242
C12H10N2O7S2,357.99294266
C14H14N2O5S,322.062342548
C18H20N2O10S,456.08386584
C14H12N2O6S,336.041607104
C18H18N2O11S,470.063130396
C12H12N2O7S2,360.008592724
C12H10N2O8S2,373.98785728
C13H14N2O4S,294.067427928
C13H12N2O5S,308.046692484
C12H11NO4S,265.040878832
C12H10O5S,266.02489442
C12H11NO5S,281.035793452
C12H12N2O5S,296.046692484
C12H11NO3S,249.045964212
C12H10O4S,250.0299798
