MASS,DTXCID,FORMULA,SMILES,Feature_MASS,energy_sum_MEDIAN,quotient_SCORE
368.12599,DTXCID00692469,C21H20O6,COC1=CC=CC(C=CC(=O)CC(=O)C=CC2=C(O)C(OC)=CC=C2)=C1O,368.1211,0.2184618047494083,1.0
368.12599,DTXCID601317442,C21H20O6,COC1=CC=C(C=CC(=O)CC(=O)C=CC2=CC=C(OC)C(O)=C2)C=C1O,368.1211,0.1997011148270102,0.9141237071445144
368.12197,DTXCID20215538,C16H20N2O8,CN1C(CC(OC2OC(C(O)C(O)C2O)C(O)=O)C1=O)c1cccnc1,368.1211,0.185473514511431,0.8489974470557117
368.12599,DTXCID20809719,C21H20O6,COC1=CC(C=CC(=O)CC(=O)C=CC2=CC(OC)=C(O)C=C2)=CC=C1O,368.1211,0.183517193352837,0.8400424667522302
