MASS,DTXCID,FORMULA,SMILES,Feature_MASS,energy_sum_MEDIAN,quotient_SCORE
184.02035,DTXCID30794485,C8H6ClFN2,NC1=C2NC=C(Cl)C2=C(F)C=C1,184.0195,0.7560478760306751,1.0
184.02035,DTXCID70416553,C8H6ClFN2,FC1=CC2=C(C=C1)N=C(CCl)N2,184.0195,0.7232485290341639,0.9566173677139191
184.02035,DTXCID70604756,C8H6ClFN2,FC1=CC=CC2=NC(CCl)=CN12,184.0195,0.6856549185934472,0.9068935186924962
313.30931,DTXCID901421800,C18H39N3O,CCCCCCCCCCCCCC(=O)N(CCN)CCN,313.3098,0.47595358119398123,1.0
356.1001,DTXCID80620684,C17H25I,CCCCCC1CCC(CC1)C1=CC=C(I)C=C1,356.0959,0.4234542388986243,1.0
388.08077,DTXCID5067475,C20H12N4O5,[O-][N+](=O)C1=CC=C(C=C1)C1=C(NC(=O)C2=CC=C(C=C2)C#N)C=C(C=C1)[N+]([O-])=O,388.0799,0.325997435782416,1.0
388.08077,DTXCID101463470,C20H12N4O5,[O-][N+](=O)C1=CC=C(N=NC2C(=O)C3=CC=CC=C3C3=C2C=CC=C3)C(=C1)[N+]([O-])=O,388.0799,0.306690248610643,0.9407750336273828
